Label,Eye_Distance,Nose_Chin_Distance,Mouth_Width
African,75.32595834106593,45.27692569068709,35.6931365951495
African,79.0,52.23983154643591,42.04759208325728
African,67.0,56.00892785976178,41.0
African,78.02563681252464,64.1248781675256,49.0
African,76.05918747922567,52.03844732503075,43.104524124504614
African,76.00657866263946,62.12889826803627,43.01162633521314
African,66.007575322837,61.032778078668514,42.01190307520001
African,73.0,59.00847396772772,46.010868281309364
African,71.02816342831905,54.0,43.18564576337837
African,70.00714249274856,71.06335201775947,49.01020301937138
African,69.00724599634447,59.00847396772772,43.0
African,70.06425622241343,67.11929677819934,41.012193308819754
African,71.25307010929424,51.088159097779204,45.044422518220834
African,66.0,67.02984409947557,41.0
African,69.00724599634447,61.0,42.0
African,69.0,50.0,35.0
African,68.00735254367721,65.00769185258002,44.01136216933077
African,73.02739212103907,62.00806399170998,47.01063709417264
African,71.0,50.0,35.12833614050059
African,76.05918747922567,66.007575322837,44.01136216933077
African,67.06713054842886,60.29925372672534,42.1070065428546
African,67.47592163134935,58.034472514187634,45.39823785126467
African,74.10802925459562,59.135437767890075,40.049968789001575
African,75.16648189186454,56.0357029044876,39.20459156782532
African,67.02984409947557,60.00833275470999,41.012193308819754
African,69.02897942168927,59.00847396772772,48.041648597857254
African,76.02631123499285,59.033888572581766,52.009614495783374
African,71.00704190430693,63.0317380372777,49.01020301937138
African,72.02777242147643,54.00925846556311,37.013511046643494
African,71.0,51.0098029794274,38.01315561749642
African,72.0,54.00925846556311,42.0
African,65.19202405202648,55.0,34.23448553724738
African,81.02468759581859,50.039984012787215,42.1070065428546
African,67.00746227100382,55.00909015790027,45.0111097397076
African,60.13318551349163,57.3149195236284,41.30375285612676
African,69.1158447825099,50.15974481593781,37.013511046643494
African,61.00819617067857,58.008620049092706,43.01162633521314
African,60.07495318350236,56.22277118748239,38.118237105091836
African,65.06919393998976,60.207972893961475,55.036351623268054
African,67.26812023536856,61.5223536610881,52.23983154643591
African,65.06919393998976,52.23983154643591,40.049968789001575
African,63.50590523722971,48.507731342539614,37.33630940518894
African,63.071388124885914,58.137767414994535,55.08175741568164
African,65.06919393998976,55.08175741568164,55.00909015790027
African,66.007575322837,61.00819617067857,50.00999900019995
African,72.56031973468694,54.74486277268398,44.181444068749045
American,73.00684899377592,53.009433122794285,41.012193308819754
American,78.0,54.00925846556311,38.01315561749642
American,63.0317380372777,64.1248781675256,35.014282800023196
American,67.02984409947557,64.28063471995279,54.08326913195984
American,71.02816342831905,57.0350769263968,40.049968789001575
American,68.0294054067798,57.0087712549569,46.0
American,63.00793600809346,58.008620049092706,38.0
American,61.00819617067857,56.0,40.0
American,67.11929677819934,52.03844732503075,48.010415536631214
American,68.0294054067798,59.07622195096772,41.048751503547585
American,70.06425622241343,59.033888572581766,36.05551275463989
American,67.00746227100382,57.0,37.0
American,72.06247289678588,62.20128616033595,59.033888572581766
American,68.0294054067798,56.0,35.0
American,66.007575322837,60.03332407921454,43.0
American,63.00793600809346,60.07495318350236,36.013886210738214
American,71.06335201775947,54.08326913195984,36.05551275463989
American,68.0294054067798,59.00847396772772,43.01162633521314
American,68.0,54.037024344425184,43.0
American,62.00806399170998,62.00806399170998,39.01281840626232
American,62.20128616033595,58.309518948453004,33.06055050963308
American,61.00819617067857,56.08029957123981,45.09988913511872
American,63.12685640834652,56.00892785976178,51.088159097779204
American,63.0,58.0,41.012193308819754
American,64.07027391856539,56.22277118748239,51.088159097779204
American,63.00793600809346,54.00925846556311,33.0
American,66.18912297349165,60.207972893961475,36.013886210738214
American,68.00735254367721,60.00833275470999,44.01136216933077
American,73.0,62.00806399170998,58.0
American,66.03029607687671,63.071388124885914,37.013511046643494
American,64.03124237432849,61.07372593840988,53.08483775994799
American,64.0,57.0,40.01249804748511
American,58.309518948453004,67.00746227100382,36.124783736376884
American,72.06247289678588,55.00909015790027,42.04759208325728
American,65.00769185258002,58.137767414994535,33.015148038438355
American,82.0,52.3450093132096,43.104524124504614
American,69.02897942168927,52.15361924162119,53.03772242470448
American,82.02438661763951,57.07889277132134,41.012193308819754
American,80.22468448052632,57.21887800367987,51.088159097779204
American,75.0,53.009433122794285,48.010415536631214
American,77.02596964660685,50.15974481593781,44.10215414239989
American,79.00632886041473,58.0,56.00892785976178
American,69.1158447825099,52.15361924162119,52.03844732503075
American,66.0,48.373546489791295,41.048751503547585
American,73.02739212103907,59.135437767890075,54.00925846556311
American,80.09993757800315,50.24937810560445,43.56604182158393
American,67.89698078707183,60.08327554319921,46.87216658103186
Arabic,61.07372593840988,54.00925846556311,43.01162633521314
Arabic,61.0,55.00909015790027,35.014282800023196
Arabic,66.007575322837,55.00909015790027,42.0
Arabic,64.00781202322104,59.00847396772772,46.010868281309364
Arabic,64.03124237432849,53.009433122794285,38.01315561749642
Arabic,64.00781202322104,57.0350769263968,41.0
Arabic,71.0,62.07253821135398,45.0111097397076
Arabic,64.19501538281614,58.215118311311535,39.01281840626232
Arabic,60.00833275470999,60.0,46.010868281309364
Arabic,72.11102550927978,61.032778078668514,44.04543109109048
Arabic,60.03332407921454,61.00819617067857,35.014282800023196
Arabic,63.071388124885914,64.03124237432849,41.012193308819754
Arabic,62.0,59.00847396772772,47.0
Arabic,68.0294054067798,63.12685640834652,45.0
Arabic,66.03029607687671,56.0357029044876,38.05259518088089
Arabic,61.032778078668514,67.02984409947557,45.0
Arabic,60.03332407921454,51.03920062069938,42.04759208325728
Arabic,66.007575322837,63.00793600809346,40.01249804748511
Arabic,61.00819617067857,55.00909015790027,40.01249804748511
Arabic,68.00735254367721,60.03332407921454,41.0
Arabic,71.0,62.289646009589745,36.013886210738214
Arabic,62.03224967708329,61.07372593840988,43.104524124504614
Arabic,65.00769185258002,60.03332407921454,38.01315561749642
Arabic,67.0,56.0357029044876,42.01190307520001
Arabic,62.20128616033595,55.14526271584895,35.05709628591621
Arabic,71.00704190430693,61.07372593840988,54.00925846556311
Arabic,63.071388124885914,61.0,36.05551275463989
Arabic,70.11419257183242,61.29437168288782,52.03844732503075
Arabic,58.008620049092706,55.0,42.01190307520001
Arabic,64.03124237432849,55.14526271584895,36.013886210738214
Arabic,66.27216610312357,62.80127387243033,42.2965719651132
Arabic,61.0,56.00892785976178,37.0
Arabic,64.13267497929586,52.46903848937962,38.63935817272331
Arabic,55.08175741568164,49.36598018878993,47.16990566028302
Arabic,63.63961030678928,37.33630940518894,40.19950248448356
Arabic,57.0,57.0350769263968,37.0
Arabic,62.12889826803627,57.3149195236284,47.095647357266465
Arabic,64.19501538281614,51.15662224971465,51.15662224971465
Arabic,66.0,54.00925846556311,42.04759208325728
Arabic,61.07372593840988,57.0087712549569,46.010868281309364
Arabic,61.032778078668514,52.3450093132096,48.010415536631214
Arabic,63.0317380372777,64.00781202322104,39.01281840626232
Arabic,71.06335201775947,58.137767414994535,57.0350769263968
Arabic,54.0,42.1070065428546,31.0
Arabic,62.12889826803627,50.08991914547278,42.04759208325728
Arabic,59.00847396772772,56.0,41.10960958218893
Arabic,62.07253821135398,50.15974481593781,39.11521443121589
Arabic,60.07495318350236,56.08029957123981,52.08646657242167
Austrilian,67.00746227100382,58.008620049092706,51.0
Austrilian,67.00746227100382,58.008620049092706,51.0
Austrilian,61.5223536610881,54.3323108288245,39.319206502675
Austrilian,61.5223536610881,54.3323108288245,39.319206502675
Austrilian,65.0,63.0317380372777,36.013886210738214
Austrilian,65.0,63.0317380372777,36.013886210738214
Austrilian,65.00769185258002,57.0,34.0
Austrilian,65.00769185258002,57.0,34.0
Austrilian,73.0,60.13318551349163,40.0
Austrilian,73.0,60.13318551349163,40.0
Austrilian,68.00735254367721,57.0350769263968,56.00892785976178
Austrilian,68.00735254367721,57.0350769263968,56.00892785976178
Austrilian,66.18912297349165,56.0,42.1070065428546
Austrilian,66.18912297349165,56.0,42.1070065428546
Austrilian,69.06518659932803,54.230987451824994,36.05551275463989
Austrilian,69.06518659932803,54.230987451824994,36.05551275463989
Austrilian,61.00819617067857,55.036351623268054,45.0111097397076
Austrilian,61.00819617067857,55.036351623268054,45.0111097397076
Austrilian,57.07889277132134,55.0,40.01249804748511
Austrilian,57.07889277132134,55.0,40.01249804748511
Austrilian,72.0,60.00833275470999,41.012193308819754
Austrilian,72.0,60.00833275470999,41.012193308819754
Austrilian,12.0,12.041594578792296,8.06225774829855
Austrilian,12.0,12.041594578792296,8.06225774829855
Austrilian,67.00746227100382,59.00847396772772,43.0
Austrilian,67.00746227100382,59.00847396772772,43.0
Austrilian,63.00793600809346,60.03332407921454,34.0
Austrilian,63.00793600809346,60.03332407921454,34.0
Austrilian,69.58448102845921,70.8590149522275,40.311288741492746
Austrilian,69.58448102845921,70.8590149522275,40.311288741492746
Austrilian,61.40032573203501,57.87054518492115,31.25699921617557
Austrilian,61.40032573203501,57.87054518492115,31.25699921617557
Austrilian,63.00793600809346,61.29437168288782,44.04543109109048
Austrilian,63.00793600809346,61.29437168288782,44.04543109109048
Austrilian,62.00806399170998,62.00806399170998,42.0
Austrilian,62.00806399170998,62.00806399170998,42.0
Austrilian,68.00735254367721,59.00847396772772,36.013886210738214
Austrilian,68.00735254367721,59.00847396772772,36.013886210738214
Austrilian,64.03124237432849,63.071388124885914,38.01315561749642
Austrilian,64.03124237432849,63.071388124885914,38.01315561749642
Austrilian,66.61080993352356,61.84658438426491,34.23448553724738
Austrilian,66.61080993352356,61.84658438426491,34.23448553724738
Austrilian,69.06518659932803,52.03844732503075,52.15361924162119
Austrilian,69.06518659932803,52.03844732503075,52.15361924162119
Austrilian,70.11419257183242,61.204574992397426,44.10215414239989
Austrilian,70.11419257183242,61.204574992397426,44.10215414239989
Austrilian,64.03124237432849,69.46221994724903,31.0
Austrilian,64.03124237432849,69.46221994724903,31.0
Austrilian,66.03029607687671,57.0,36.05551275463989
Austrilian,66.03029607687671,57.0,36.05551275463989
Austrilian,66.06814663663572,54.230987451824994,53.03772242470448
Austrilian,66.06814663663572,54.230987451824994,53.03772242470448
Austrilian,72.06247289678588,54.230987451824994,32.2490309931942
Austrilian,72.06247289678588,54.230987451824994,32.2490309931942
Austrilian,68.06614430096654,52.03844732503075,40.049968789001575
Austrilian,68.06614430096654,52.03844732503075,40.049968789001575
Austrilian,68.0,51.088159097779204,37.013511046643494
Austrilian,68.0,51.088159097779204,37.013511046643494
Austrilian,68.00735254367721,57.0350769263968,37.013511046643494
Austrilian,68.00735254367721,57.0350769263968,37.013511046643494
Austrilian,73.00684899377592,60.00833275470999,50.00999900019995
Austrilian,73.00684899377592,60.00833275470999,50.00999900019995
Austrilian,69.00724599634447,51.15662224971465,45.044422518220834
Austrilian,69.00724599634447,51.15662224971465,45.044422518220834
Austrilian,66.03029607687671,49.25444142409901,29.154759474226502
Austrilian,66.03029607687671,49.25444142409901,29.154759474226502
Austrilian,74.24284477308234,55.731499172371095,56.142675390472796
Austrilian,74.24284477308234,55.731499172371095,56.142675390472796
Austrilian,76.90253571892151,58.240879114244144,38.600518131237564
Austrilian,76.90253571892151,58.240879114244144,38.600518131237564
Austrilian,87.00574693662483,57.0350769263968,67.0
Austrilian,87.00574693662483,57.0350769263968,67.0
Austrilian,72.06247289678588,52.08646657242167,42.01190307520001
Austrilian,72.06247289678588,52.08646657242167,42.01190307520001
Austrilian,82.02438661763951,52.009614495783374,42.0
Austrilian,82.02438661763951,52.009614495783374,42.0
Austrilian,75.16648189186454,55.14526271584895,50.039984012787215
Austrilian,75.16648189186454,55.14526271584895,50.039984012787215
Balkan,66.03029607687671,58.008620049092706,38.3275357934736
Balkan,71.02816342831905,62.0,43.0
Balkan,61.0,57.0087712549569,33.0
Balkan,68.06614430096654,57.21887800367987,39.0
Balkan,68.06614430096654,56.00892785976178,49.040799340956916
Balkan,73.10950690573696,55.036351623268054,41.012193308819754
Balkan,64.00781202322104,57.0350769263968,46.010868281309364
Balkan,62.20128616033595,55.731499172371095,47.042533945356304
Balkan,70.02856560004639,62.07253821135398,54.00925846556311
Balkan,72.0,66.12110101926616,37.013511046643494
Balkan,62.00806399170998,63.0,34.0147027033899
Balkan,71.25307010929424,52.15361924162119,34.132096331752024
Balkan,69.06518659932803,65.03076195155643,43.0
Balkan,65.03076195155643,66.007575322837,43.01162633521314
Balkan,62.00806399170998,65.0,36.124783736376884
Balkan,70.11419257183242,64.07027391856539,46.010868281309364
Balkan,65.00769185258002,58.137767414994535,49.0
Balkan,67.06713054842886,62.00806399170998,46.010868281309364
Balkan,75.32595834106593,64.93843238021688,45.17742799230607
Balkan,65.00769185258002,59.00847396772772,38.05259518088089
Balkan,70.02856560004639,56.00892785976178,39.01281840626232
Balkan,65.03076195155643,63.0317380372777,39.05124837953327
Balkan,67.00746227100382,56.0357029044876,38.0
Balkan,65.00769185258002,55.00909015790027,34.0
Balkan,66.0,62.00806399170998,46.010868281309364
Balkan,63.0317380372777,53.0,47.042533945356304
Balkan,66.18912297349165,54.91812087098393,37.12142238654117
Balkan,65.27633568147036,53.150729063673246,37.05401462729781
Balkan,67.0,53.03772242470448,40.01249804748511
Balkan,62.03224967708329,60.00833275470999,34.0147027033899
Balkan,57.21887800367987,49.36598018878993,38.2099463490856
Balkan,69.87131027825369,52.392747589718944,55.731499172371095
Balkan,58.0,59.0,49.01020301937138
Balkan,63.387695966961914,59.033888572581766,46.2709412050371
Balkan,62.12889826803627,51.19570294468082,36.013886210738214
Balkan,64.07027391856539,55.0,34.132096331752024
Balkan,57.07889277132134,53.33854141237835,38.118237105091836
Balkan,52.46903848937962,58.52349955359813,28.442925306655784
Balkan,62.20128616033595,59.135437767890075,44.01136216933077
Balkan,56.00892785976178,49.09175083453431,36.0
Balkan,69.18092222571191,55.08175741568164,43.104524124504614
Balkan,63.0317380372777,59.00847396772772,44.04543109109048
Balkan,69.00724599634447,59.00847396772772,51.03920062069938
Balkan,61.98386886924694,55.10898293381942,42.42640687119285
Balkan,59.033888572581766,54.147945482723536,39.01281840626232
Balkan,62.00806399170998,54.00925846556311,37.0
Balkan,64.00781202322104,52.15361924162119,34.0
Balkan,61.00819617067857,56.0357029044876,33.015148038438355
Balkan,57.706152185014034,50.92150822589606,37.33630940518894
Balkan,65.06919393998976,66.06814663663572,43.04648650006177
Balkan,30.01666203960727,37.0,23.0
European,68.00735254367721,58.077534382926416,40.01249804748511
European,62.03224967708329,56.22277118748239,39.01281840626232
European,59.0,58.137767414994535,35.0
European,67.02984409947557,63.00793600809346,40.01249804748511
European,69.02897942168927,61.032778078668514,49.040799340956916
European,69.00724599634447,60.0,37.013511046643494
European,70.0,59.07622195096772,51.0098029794274
European,63.0,56.08029957123981,46.0
European,64.0,58.034472514187634,40.0
European,63.0317380372777,62.0,41.012193308819754
European,63.00793600809346,58.0,47.0
European,69.02897942168927,59.07622195096772,49.0
European,70.0,77.31752712031083,46.0
European,68.0,57.3149195236284,34.0
European,68.06614430096654,64.19501538281614,42.04759208325728
European,69.18092222571191,52.773099207835045,36.05551275463989
European,77.0,56.568542494923804,44.04543109109048
European,67.06713054842886,54.230987451824994,48.010415536631214
European,65.12296062065974,62.00806399170998,49.16299421312742
European,69.02897942168927,59.033888572581766,42.01190307520001
European,63.00793600809346,53.08483775994799,32.01562118716424
European,71.06335201775947,53.33854141237835,42.0
European,64.03124237432849,60.0,44.01136216933077
European,72.06247289678588,63.12685640834652,53.03772242470448
European,70.00714249274856,57.0087712549569,39.01281840626232
European,55.00909015790027,53.03772242470448,35.014282800023196
European,63.12685640834652,56.08029957123981,44.181444068749045
European,61.032778078668514,56.00892785976178,40.049968789001575
European,56.0357029044876,52.03844732503075,45.09988913511872
European,59.033888572581766,58.034472514187634,51.0098029794274
European,67.0,55.00909015790027,51.0098029794274
European,61.07372593840988,53.009433122794285,44.10215414239989
European,58.008620049092706,57.0,42.0
European,61.00819617067857,52.03844732503075,42.01190307520001
European,56.22277118748239,51.478150704935004,51.24451190127583
European,53.03772242470448,55.00909015790027,38.01315561749642
European,64.1248781675256,53.23532661682466,47.095647357266465
European,61.032778078668514,57.0087712549569,41.012193308819754
European,60.0,56.0357029044876,45.0111097397076
European,57.56735185849702,57.9396237474839,41.7612260356422
European,66.03029607687671,56.00892785976178,46.04345773288535
European,62.0,47.0,40.01249804748511
European,66.18912297349165,53.150729063673246,40.049968789001575
European,68.00735254367721,51.0098029794274,39.01281840626232
European,64.19501538281614,51.15662224971465,47.095647357266465
European,63.00793600809346,52.03844732503075,46.0
Indian,64.03124237432849,53.150729063673246,40.049968789001575
Indian,22.360679774997898,26.019223662515376,16.1245154965971
Indian,65.49045732013177,58.309518948453004,42.190046219457976
Indian,65.03076195155643,55.08175741568164,37.0
Indian,64.0,59.00847396772772,37.0
Indian,64.03124237432849,58.008620049092706,38.01315561749642
Indian,63.0,50.0,46.0
Indian,69.06518659932803,61.1310068623117,39.01281840626232
Indian,65.00769185258002,55.00909015790027,41.10960958218893
Indian,66.0,50.08991914547278,37.013511046643494
Indian,61.1310068623117,53.600373133029585,39.05124837953327
Indian,63.0,61.00819617067857,35.0
Indian,69.02897942168927,60.07495318350236,43.0
Indian,64.03124237432849,64.0,46.09772228646444
Indian,57.0,52.03844732503075,35.0
Indian,61.032778078668514,61.032778078668514,41.19465984809196
Indian,68.00735254367721,55.036351623268054,48.010415536631214
Indian,72.00694410957877,59.00847396772772,43.0
Indian,69.18092222571191,60.07495318350236,40.049968789001575
Indian,71.0,67.00746227100382,35.0
Indian,66.06814663663572,58.05170109479997,39.11521443121589
Indian,73.17103251970687,53.9351462406472,35.05709628591621
Indian,66.0,54.0,38.0
Indian,69.02897942168927,65.12296062065974,41.048751503547585
Indian,66.007575322837,62.0,44.01136216933077
Indian,66.007575322837,55.036351623268054,40.049968789001575
Indian,67.06713054842886,49.16299421312742,40.0
Indian,68.24954212300622,70.21395872616783,51.78802950489621
Indian,65.00769185258002,55.226805085936306,55.0
Indian,60.03332407921454,56.00892785976178,39.0
Indian,70.06425622241343,56.00892785976178,44.0
Indian,66.007575322837,59.135437767890075,40.049968789001575
Indian,64.00781202322104,65.00769185258002,40.01249804748511
Indian,65.0,52.03844732503075,39.0
Indian,64.07027391856539,66.03029607687671,38.0
Indian,63.00793600809346,59.0,38.01315561749642
Indian,62.07253821135398,53.08483775994799,40.049968789001575
Indian,66.12110101926616,54.230987451824994,51.15662224971465
Indian,65.03076195155643,57.14017850864661,44.10215414239989
Indian,62.07253821135398,63.071388124885914,36.05551275463989
Indian,62.00806399170998,47.853944456021594,34.058772731852805
Indian,66.06814663663572,49.09175083453431,36.013886210738214
Indian,61.032778078668514,59.033888572581766,39.05124837953327
Indian,67.00746227100382,64.03124237432849,33.0
Indian,61.29437168288782,56.32051136131489,32.0624390837628
Indian,68.26419266350405,51.15662224971465,52.03844732503075
Indian,59.07622195096772,62.00806399170998,39.01281840626232
Indian,61.00819617067857,49.040799340956916,38.01315561749642
Indian,68.00735254367721,53.46026561849464,40.0
Japanese,66.06814663663572,55.14526271584895,44.10215414239989
Japanese,67.0,53.03772242470448,37.05401462729781
Japanese,60.00833275470999,52.15361924162119,37.013511046643494
Japanese,66.03029607687671,53.03772242470448,38.0
Japanese,69.18092222571191,53.009433122794285,38.01315561749642
Japanese,67.02984409947557,56.00892785976178,40.049968789001575
Japanese,60.00833275470999,54.08326913195984,45.0111097397076
Japanese,67.00746227100382,59.07622195096772,38.118237105091836
Japanese,72.00694410957877,56.142675390472796,54.0
Japanese,67.00746227100382,55.00909015790027,39.01281840626232
Japanese,75.05997601918082,54.08326913195984,41.012193308819754
Japanese,67.0,51.0098029794274,35.014282800023196
Japanese,60.0,56.0357029044876,33.015148038438355
Japanese,67.06713054842886,63.071388124885914,40.01249804748511
Japanese,68.11754546370561,58.42088667591412,40.049968789001575
Japanese,64.03124237432849,54.00925846556311,35.014282800023196
Japanese,61.032778078668514,60.07495318350236,31.016124838541646
Japanese,67.1863081289633,57.14017850864661,33.06055050963308
Japanese,69.00724599634447,58.0,40.0
Japanese,52.009614495783374,36.013886210738214,28.0178514522438
Japanese,64.03124237432849,56.0357029044876,33.0
Japanese,60.00833275470999,54.037024344425184,33.0
Japanese,62.12889826803627,60.0,41.048751503547585
Japanese,72.06247289678588,63.12685640834652,42.0
Japanese,72.06247289678588,61.1310068623117,43.01162633521314
Japanese,68.0294054067798,56.142675390472796,37.05401462729781
Japanese,68.00735254367721,58.137767414994535,39.0
Japanese,62.39390995922599,51.78802950489621,34.36568055487916
Japanese,57.0087712549569,57.3149195236284,33.0
Japanese,67.06713054842886,50.00999900019995,47.0
Japanese,66.06814663663572,56.08029957123981,37.0
Japanese,60.0,56.00892785976178,35.0
Japanese,68.0294054067798,59.53990258641679,35.014282800023196
Japanese,67.02984409947557,60.03332407921454,38.01315561749642
Japanese,64.00781202322104,53.03772242470448,32.01562118716424
Japanese,66.007575322837,64.0,34.0147027033899
Japanese,68.06614430096654,58.008620049092706,43.01162633521314
Japanese,58.034472514187634,56.00892785976178,32.01562118716424
Japanese,63.0317380372777,56.00892785976178,37.013511046643494
Japanese,65.03076195155643,53.08483775994799,35.0
Japanese,65.03076195155643,58.034472514187634,49.0
Japanese,71.02816342831905,57.0350769263968,36.05551275463989
Japanese,64.00781202322104,58.0,36.013886210738214
Japanese,65.0,50.0,35.014282800023196
Japanese,63.00793600809346,53.009433122794285,39.01281840626232
Japanese,59.033888572581766,57.0,37.013511046643494
LatinAmerica,64.0,59.0,37.013511046643494
LatinAmerica,68.0294054067798,61.07372593840988,46.09772228646444
LatinAmerica,61.66036003787198,58.855755878248644,35.35533905932738
LatinAmerica,70.00714249274856,62.03224967708329,44.04543109109048
LatinAmerica,73.00684899377592,56.0357029044876,48.010415536631214
LatinAmerica,65.0,58.034472514187634,50.00999900019995
LatinAmerica,67.06713054842886,58.42088667591412,40.01249804748511
LatinAmerica,66.0,54.00925846556311,34.132096331752024
LatinAmerica,67.00746227100382,60.00833275470999,52.03844732503075
LatinAmerica,72.11102550927978,65.19202405202648,45.09988913511872
LatinAmerica,77.05841939723393,57.706152185014034,42.0
LatinAmerica,68.00735254367721,50.00999900019995,54.037024344425184
LatinAmerica,68.0,62.289646009589745,45.0
LatinAmerica,71.02816342831905,57.0,48.041648597857254
LatinAmerica,70.06425622241343,59.135437767890075,45.0111097397076
LatinAmerica,67.11929677819934,50.039984012787215,35.05709628591621
LatinAmerica,62.03224967708329,50.80354318352215,41.012193308819754
LatinAmerica,65.03076195155643,62.07253821135398,37.05401462729781
LatinAmerica,70.11419257183242,62.20128616033595,39.05124837953327
LatinAmerica,71.0,55.326304774492215,42.0
LatinAmerica,62.00806399170998,58.42088667591412,34.0147027033899
LatinAmerica,71.00704190430693,65.03076195155643,43.01162633521314
LatinAmerica,64.6297145282261,58.855755878248644,35.22782990761707
LatinAmerica,69.06518659932803,65.37583651472461,42.0
LatinAmerica,69.00724599634447,62.03224967708329,46.0
LatinAmerica,63.0,58.034472514187634,38.01315561749642
LatinAmerica,63.00793600809346,62.0,39.01281840626232
LatinAmerica,64.1248781675256,61.07372593840988,40.049968789001575
LatinAmerica,65.00769185258002,59.30430001273095,36.0
LatinAmerica,72.00694410957877,56.00892785976178,43.04648650006177
LatinAmerica,68.0,55.036351623268054,53.03772242470448
LatinAmerica,66.0,72.00694410957877,43.0
LatinAmerica,72.06247289678588,74.00675644831355,48.041648597857254
LatinAmerica,63.198101237299845,56.08029957123981,40.11234224026316
LatinAmerica,65.37583651472461,64.07027391856539,36.124783736376884
LatinAmerica,69.02897942168927,65.37583651472461,42.01190307520001
LatinAmerica,66.007575322837,59.00847396772772,43.04648650006177
LatinAmerica,70.178344238091,61.07372593840988,55.14526271584895
LatinAmerica,72.0,65.0,40.0
LatinAmerica,68.00735254367721,60.0,56.00892785976178
LatinAmerica,68.0,55.036351623268054,39.01281840626232
LatinAmerica,64.1248781675256,58.077534382926416,54.08326913195984
LatinAmerica,65.0,48.0,41.012193308819754
LatinAmerica,67.02984409947557,56.142675390472796,43.01162633521314
MiddleEast,68.0,62.12889826803627,44.01136216933077
MiddleEast,68.0,62.12889826803627,44.01136216933077
MiddleEast,69.02897942168927,52.08646657242167,35.014282800023196
MiddleEast,69.02897942168927,52.08646657242167,35.014282800023196
MiddleEast,65.00769185258002,61.07372593840988,39.0
MiddleEast,65.00769185258002,61.07372593840988,39.0
MiddleEast,85.0,50.00999900019995,44.04543109109048
MiddleEast,85.0,50.00999900019995,44.04543109109048
MiddleEast,68.0294054067798,54.00925846556311,42.01190307520001
MiddleEast,68.0294054067798,54.00925846556311,42.01190307520001
MiddleEast,68.06614430096654,54.037024344425184,51.03920062069938
MiddleEast,68.06614430096654,54.037024344425184,51.03920062069938
MiddleEast,65.06919393998976,52.23983154643591,48.010415536631214
MiddleEast,65.06919393998976,52.23983154643591,48.010415536631214
MiddleEast,71.02816342831905,63.12685640834652,42.01190307520001
MiddleEast,71.02816342831905,63.12685640834652,42.01190307520001
MiddleEast,68.0294054067798,60.03332407921454,43.04648650006177
MiddleEast,68.0294054067798,60.03332407921454,43.04648650006177
MiddleEast,68.06614430096654,61.032778078668514,41.048751503547585
MiddleEast,68.06614430096654,61.032778078668514,41.048751503547585
MiddleEast,60.207972893961475,54.230987451824994,34.058772731852805
MiddleEast,60.207972893961475,54.230987451824994,34.058772731852805
MiddleEast,78.00640999302557,52.009614495783374,45.0
MiddleEast,78.00640999302557,52.009614495783374,45.0
MiddleEast,70.02856560004639,58.077534382926416,34.058772731852805
MiddleEast,70.02856560004639,58.077534382926416,34.058772731852805
MiddleEast,68.00735254367721,56.08029957123981,37.05401462729781
MiddleEast,68.00735254367721,56.08029957123981,37.05401462729781
MiddleEast,66.0,59.07622195096772,38.0
MiddleEast,66.0,59.07622195096772,38.0
MiddleEast,72.06247289678588,67.0,42.01190307520001
MiddleEast,72.06247289678588,67.0,42.01190307520001
MiddleEast,67.02984409947557,56.0,40.049968789001575
MiddleEast,67.02984409947557,56.0,40.049968789001575
MiddleEast,64.00781202322104,60.00833275470999,36.013886210738214
MiddleEast,64.00781202322104,60.00833275470999,36.013886210738214
MiddleEast,72.11102550927978,60.207972893961475,43.04648650006177
MiddleEast,72.11102550927978,60.207972893961475,43.04648650006177
MiddleEast,80.15609770940699,59.0,44.04543109109048
MiddleEast,80.15609770940699,59.0,44.04543109109048
MiddleEast,61.0,50.039984012787215,33.0
MiddleEast,61.0,50.039984012787215,33.0
MiddleEast,70.00714249274856,64.03124237432849,42.01190307520001
MiddleEast,70.00714249274856,64.03124237432849,42.01190307520001
MiddleEast,71.02816342831905,56.00892785976178,39.0
MiddleEast,71.02816342831905,56.00892785976178,39.0
MiddleEast,68.00735254367721,56.0357029044876,48.010415536631214
MiddleEast,68.00735254367721,56.0357029044876,48.010415536631214
MiddleEast,16.278820596099706,15.297058540778355,10.198039027185569
MiddleEast,16.278820596099706,15.297058540778355,10.198039027185569
MiddleEast,81.30190649671138,58.309518948453004,58.137767414994535
MiddleEast,81.30190649671138,58.309518948453004,58.137767414994535
MiddleEast,78.00640999302557,50.08991914547278,39.0
MiddleEast,78.00640999302557,50.08991914547278,39.0
MiddleEast,67.00746227100382,54.00925846556311,34.0147027033899
MiddleEast,67.00746227100382,54.00925846556311,34.0147027033899
Scandivian,65.19202405202648,55.036351623268054,43.04648650006177
Scandivian,69.0,59.07622195096772,39.0
Scandivian,68.18357573492314,66.27216610312357,38.01315561749642
Scandivian,69.18092222571191,61.66036003787198,42.01190307520001
Scandivian,71.02816342831905,61.07372593840988,41.0
Scandivian,63.00793600809346,59.07622195096772,38.0
Scandivian,72.11102550927978,56.515484603779164,38.118237105091836
Scandivian,73.10950690573696,56.00892785976178,43.04648650006177
Scandivian,65.0,64.0,43.01162633521314
Scandivian,70.02856560004639,60.40695324215582,45.09988913511872
Scandivian,61.032778078668514,58.077534382926416,40.01249804748511
Scandivian,61.032778078668514,48.0,36.013886210738214
Scandivian,64.03124237432849,57.14017850864661,36.013886210738214
Scandivian,69.1158447825099,55.44366510251645,43.104524124504614
Scandivian,67.02984409947557,66.37017402418047,46.04345773288535
Scandivian,65.0,61.00819617067857,38.01315561749642
Scandivian,64.0,62.0,37.013511046643494
Scandivian,66.18912297349165,60.00833275470999,38.05259518088089
Scandivian,70.0,54.0,39.0
Scandivian,68.11754546370561,58.309518948453004,42.04759208325728
Scandivian,70.00714249274856,53.03772242470448,37.013511046643494
Scandivian,67.02984409947557,62.03224967708329,43.0
Scandivian,68.0,60.03332407921454,46.04345773288535
Scandivian,66.03029607687671,64.07027391856539,43.04648650006177
Scandivian,60.0,64.0,35.014282800023196
Scandivian,68.0294054067798,59.682493245507096,44.01136216933077
Scandivian,69.06518659932803,51.15662224971465,45.044422518220834
Scandivian,74.06078584514209,66.06814663663572,41.19465984809196
Scandivian,64.03124237432849,53.0,34.0147027033899
Scandivian,68.11754546370561,47.095647357266465,37.013511046643494
Scandivian,70.02856560004639,61.1310068623117,45.09988913511872
Scandivian,63.28506932918696,57.07889277132134,35.05709628591621
Scandivian,68.11754546370561,60.00833275470999,38.118237105091836
Scandivian,65.37583651472461,62.51399843235114,38.118237105091836
Scandivian,67.02984409947557,59.033888572581766,38.01315561749642
Scandivian,67.02984409947557,57.0,35.12833614050059
Scandivian,59.0,60.03332407921454,34.0
Scandivian,68.06614430096654,54.00925846556311,37.05401462729781
Scandivian,67.00746227100382,42.04759208325728,31.016124838541646
Scandivian,67.00746227100382,42.04759208325728,31.016124838541646
Scandivian,67.00746227100382,59.0,38.0
Scandivian,67.00746227100382,59.07622195096772,38.01315561749642
Scandivian,63.071388124885914,63.198101237299845,37.05401462729781
Scandivian,67.00746227100382,54.00925846556311,41.0
Scandivian,69.02897942168927,56.00892785976178,47.01063709417264
Scandivian,69.46221994724903,65.92419889539804,39.20459156782532
Scandivian,69.0,56.00892785976178,44.04543109109048
Scandivian,71.00704190430693,51.0098029794274,31.016124838541646
Scandivian,66.007575322837,63.12685640834652,34.0
Scandivian,68.00735254367721,55.226805085936306,40.01249804748511
Scandivian,70.00714249274856,51.0,40.0
