face_width_height_ratio,eye_distance,nose_to_left_eye,nose_to_right_eye,lip_thickness,label
1.5159462416902787,34.132096331752024,37.21558813185679,41.10960958218893,17.117642886435966,African
1.2589697540489928,34.0,37.013511046643494,43.0,16.0,African
1.370321555066249,29.0,34.132096331752024,33.06055050963308,10.0,African
1.4103999458243497,33.015148038438355,40.11234224026316,40.049968789001575,18.04536101718726,African
1.2665368646799573,31.016124838541646,33.015148038438355,44.28317965096906,16.0,African
1.3383107297710013,34.0147027033899,38.2099463490856,38.2099463490856,18.04987562112089,African
1.29618567682389,31.016124838541646,33.06055050963308,33.06055050963308,17.04987562112089,African
1.3772742185189675,31.016124838541646,43.104524124504614,33.015148038438355,20.0,African
1.369157625362811,33.0,37.013511046643494,36.05551275463989,16.0,African
1.3605444061408216,34.0147027033899,37.48332962798263,35.12833614050059,13.099019513592784,African
1.3254917896843992,32.0,36.22154055254967,35.35533905932738,15.0,African
1.3066395628234073,31.0,34.132096331752024,35.05709628591621,13.06225774829855,African
1.2675240236673766,29.017236257093817,32.7566787083184,38.2099463490856,17.0,African
1.2618715000286944,28.0,33.54101966249684,35.35533905932738,14.0,African
1.2160728791029027,31.0,35.12833614050059,35.12833614050059,15.055385138137417,African
1.2858681885456453,29.0,32.38826948140329,36.345563690772494,13.0,African
1.2704544473130348,28.0,35.510561809129406,32.7566787083184,14.0,African
1.239218953246306,32.01562118716424,36.124783736376884,37.33630940518894,17.0,African
1.4577379737113252,32.01562118716424,32.2490309931942,40.11234224026316,17.071067811865476,African
1.286136029075767,26.0,28.071337695236398,37.013511046643494,18.04536101718726,African
1.2698520352067688,26.076809620810597,31.25699921617557,36.013886210738214,14.055385138137417,African
1.3100180566625292,30.01666203960727,34.23448553724738,39.0,14.0,African
1.3570466979435907,30.01666203960727,37.12142238654117,37.21558813185679,18.0,African
1.2935068037320543,30.01666203960727,35.510561809129406,35.6931365951495,13.0,African
1.3411352602654036,29.017236257093817,35.0,33.015148038438355,11.0,African
1.385109060437858,34.0,38.47076812334269,38.2099463490856,15.0,African
1.2824835844634874,30.0,37.21558813185679,34.23448553724738,17.0,African
1.306931414574441,32.01562118716424,35.510561809129406,37.21558813185679,14.0,African
1.313474061201761,31.016124838541646,38.2099463490856,33.24154027718932,13.0,African
1.2183908045977012,32.0,38.118237105091836,35.12833614050059,15.0,African
1.4411187640215466,34.058772731852805,38.63935817272331,38.118237105091836,15.138147668435636,African
1.5189701225488799,36.013886210738214,42.1070065428546,41.30375285612676,12.055385138137417,African
1.1950953050297242,28.0,34.058772731852805,33.015148038438355,12.0,African
1.1603640724511428,26.076809620810597,29.427877939124322,31.016124838541646,12.06225774829855,African
1.2991469529771695,34.058772731852805,38.3275357934736,39.6232255123179,15.082762530298218,African
1.248811652326493,30.066592756745816,32.55764119219941,38.05259518088089,12.0,African
1.2420203487140107,28.0178514522438,31.25699921617557,31.25699921617557,13.0,African
1.1626482584009,27.018512172212592,30.265491900843113,30.01666203960727,12.06225774829855,African
1.246899603291963,28.0178514522438,36.124783736376884,30.59411708155671,12.0,African
1.1970201878057074,28.160255680657446,33.54101966249684,35.014282800023196,12.06225774829855,African
1.242831183013405,28.0178514522438,32.14031735997639,34.0,9.0,African
1.2058283747725813,28.284271247461902,31.25699921617557,32.2490309931942,16.280801557483787,African
1.1765354897329876,27.018512172212592,32.2490309931942,31.016124838541646,11.16227766016838,African
1.2054328393527565,28.0178514522438,34.0147027033899,31.25699921617557,10.16227766016838,African
1.2232766903734202,30.0,30.01666203960727,35.12833614050059,12.0,African
1.4570789798009545,29.0,37.013511046643494,36.05551275463989,12.06225774829855,American
1.5361630840470681,32.0,39.20459156782532,39.11521443121589,15.082762530298218,American
1.34867302149888,25.019992006393608,33.54101966249684,31.25699921617557,11.071067811865476,American
1.420242608111121,26.019223662515376,30.805843601498726,37.33630940518894,11.071067811865476,American
1.4011615950275174,31.016124838541646,36.22154055254967,35.510561809129406,12.06225774829855,American
1.4345446736406067,29.017236257093817,36.22154055254967,32.0624390837628,14.0,American
1.2346056772705978,27.0,34.132096331752024,32.14031735997639,14.0,American
1.3100491239833103,28.0,32.7566787083184,30.59411708155671,9.0,American
1.325205025625071,28.0178514522438,30.805843601498726,31.575306807693888,9.0,American
1.32981282682886,28.071337695236398,35.22782990761707,32.0,8.261297173761164,American
1.3226747947719248,30.066592756745816,35.12833614050059,33.54101966249684,11.0,American
1.3062048092536913,29.017236257093817,37.48332962798263,33.13608305156178,9.0,American
1.2024128397974834,24.0,34.058772731852805,27.0,10.123105625617661,American
1.359789911076926,30.01666203960727,39.01281840626232,32.38826948140329,13.0,American
1.2747225582562491,29.0,33.54101966249684,34.23448553724738,7.0990195135927845,American
1.301427914832846,29.0,35.22782990761707,32.2490309931942,12.0,American
1.263085756998301,27.0,34.23448553724738,31.400636936215164,10.0,American
1.353376673858263,30.01666203960727,36.345563690772494,35.05709628591621,9.0,American
1.3616590087850722,28.0178514522438,33.37663853655727,36.22154055254967,10.123105625617661,American
1.4440570756642845,30.01666203960727,34.23448553724738,34.23448553724738,7.0,American
1.2765021793397335,26.0,32.38826948140329,30.4138126514911,8.099019513592784,American
1.3128517686840981,26.076809620810597,31.400636936215164,32.0,16.04987562112089,American
1.2309441603570508,25.019992006393608,31.575306807693888,30.265491900843113,10.082762530298218,American
1.3113973815245044,28.071337695236398,32.2490309931942,32.01562118716424,11.071067811865476,American
1.2381524712046226,29.0,31.144823004794873,33.24154027718932,10.0,American
1.2913855460564667,25.0,31.400636936215164,32.0624390837628,8.082762530298218,American
1.2778990921326647,26.019223662515376,32.2490309931942,29.154759474226502,10.0,American
1.2855703862995256,26.0,34.132096331752024,29.154759474226502,11.0,American
1.3128517686840981,29.154759474226502,32.55764119219941,34.0147027033899,15.0,American
1.407354306657762,28.0178514522438,34.52535300326414,34.23448553724738,11.071067811865476,American
1.3403230521683451,32.01562118716424,39.45883931389772,35.510561809129406,9.0,American
1.332536917134849,28.0178514522438,34.058772731852805,34.23448553724738,12.0,American
1.276786067295949,26.076809620810597,32.2490309931942,32.0624390837628,13.06225774829855,American
1.3904578354867536,27.0,31.144823004794873,33.24154027718932,11.0,American
1.1712603893852684,23.08679276123039,33.734255586866,24.020824298928627,9.082762530298218,American
1.3626789971768405,31.016124838541646,37.05401462729781,37.33630940518894,14.0,American
1.3008829819450896,28.0,32.0624390837628,32.14031735997639,11.082762530298218,American
1.4387165741020576,36.013886210738214,42.42640687119285,43.289721643826724,18.0,American
1.4483680258359155,35.014282800023196,41.43669871020132,41.048751503547585,8.16227766016838,American
1.397331207256576,34.0147027033899,40.311288741492746,38.118237105091836,10.0,American
1.4818664290720192,38.05259518088089,42.579337712087536,46.010868281309364,10.071067811865476,American
1.2248736495709462,32.01562118716424,36.345563690772494,36.124783736376884,7.0,American
1.5291834391595878,35.014282800023196,42.190046219457976,40.01249804748511,13.0,American
1.445117992785328,35.12833614050059,41.43669871020132,41.0,11.0,American
1.3554718870337,31.0,38.0,37.0,13.0,American
1.4563402296822252,36.013886210738214,36.0,41.048751503547585,10.082762530298218,American
1.3167410096856589,35.014282800023196,40.311288741492746,40.19950248448356,13.055385138137417,American
1.2462910491977164,30.066592756745816,36.013886210738214,33.54101966249684,11.16227766016838,American
1.4045393251236185,37.013511046643494,41.10960958218893,39.0,8.0,American
1.4178341379517916,30.01666203960727,37.05401462729781,37.21558813185679,14.055385138137417,American
1.3609647869016415,30.066592756745816,26.30589287593181,35.05709628591621,7.23606797749979,American
1.3017216666265947,31.016124838541646,35.510561809129406,38.2099463490856,9.23606797749979,American
1.5059629903493268,35.014282800023196,38.3275357934736,36.124783736376884,7.123105625617661,American
1.4937366211226935,34.0,41.19465984809196,38.47076812334269,12.0,American
1.4103715327537005,35.0,40.0,41.0,14.055385138137417,American
1.2396612125600406,28.442925306655784,42.190046219457976,25.709920264364882,11.403215514898179,American
1.1587071374956104,25.019992006393608,31.25699921617557,30.01666203960727,10.0,Arabic
1.1955755506593422,23.0,31.144823004794873,29.154759474226502,12.0,Arabic
1.1531812475146208,28.0,33.24154027718932,33.13608305156178,10.0,Arabic
1.2563343371437778,25.019992006393608,33.24154027718932,31.064449134018133,11.0,Arabic
1.2620399329675367,27.018512172212592,30.265491900843113,35.05709628591621,12.123105625617661,Arabic
1.188293533808608,28.0,34.23448553724738,32.2490309931942,15.0,Arabic
1.2380952380952381,28.0,36.345563690772494,33.37663853655727,14.082762530298218,Arabic
1.217579269218075,27.073972741361768,34.0147027033899,30.59411708155671,11.0,Arabic
1.1494252873563218,24.020824298928627,30.4138126514911,30.59411708155671,10.16227766016838,Arabic
1.340518319945555,30.066592756745816,36.345563690772494,37.013511046643494,17.08276253029822,Arabic
1.2260741373865904,24.020824298928627,31.400636936215164,30.14962686336267,11.071067811865476,Arabic
1.1049446198007407,27.018512172212592,33.24154027718932,31.575306807693888,15.0,Arabic
1.2048795165663404,27.0,32.55764119219941,30.59411708155671,11.0,Arabic
1.2211470017978998,26.0,35.12833614050059,33.37663853655727,12.0,Arabic
1.216581415268437,24.020824298928627,26.1725046566048,34.0147027033899,9.0,Arabic
1.29252860786147,26.019223662515376,35.22782990761707,29.068883707497267,11.071067811865476,Arabic
1.1365042366104194,25.019992006393608,28.284271247461902,30.59411708155671,12.0,Arabic
1.153701300660322,26.0,30.01666203960727,30.14962686336267,11.16227766016838,Arabic
1.2197560731756085,28.0,33.54101966249684,33.54101966249684,16.0,Arabic
1.1710526315789473,24.020824298928627,31.25699921617557,31.144823004794873,17.0,Arabic
1.1881530718365316,31.0,36.22154055254967,33.13608305156178,13.0,Arabic
1.233707549118112,27.018512172212592,31.016124838541646,40.049968789001575,11.0,Arabic
1.3273064756745,26.0,32.55764119219941,32.01562118716424,11.071067811865476,Arabic
1.2202433867982991,28.0,33.54101966249684,31.400636936215164,16.04987562112089,Arabic
1.2163117704734143,30.0,33.24154027718932,33.24154027718932,13.06225774829855,Arabic
1.1853471618798757,27.073972741361768,30.4138126514911,32.01562118716424,14.0,Arabic
1.2469725308383401,29.0,35.05709628591621,35.014282800023196,11.0,Arabic
1.3133082778246317,25.079872407968907,33.24154027718932,31.016124838541646,9.0,Arabic
1.2219022199501604,30.066592756745816,35.6931365951495,35.12833614050059,14.055385138137417,Arabic
1.1807843603375052,23.0,29.274562336608895,29.274562336608895,11.0,Arabic
1.1953708053505214,28.0178514522438,36.22154055254967,28.442925306655784,12.0,Arabic
1.1951897521159847,28.160255680657446,31.78049716414141,35.014282800023196,10.071067811865476,Arabic
1.1950154104250659,25.0,31.144823004794873,30.14962686336267,12.0,Arabic
1.2489153548124954,25.495097567963924,34.20526275297414,29.154759474226502,11.194173437483137,Arabic
1.2155249605473546,22.02271554554524,27.16615541441225,29.0,9.0,Arabic
1.246182636923281,25.179356624028344,33.015148038438355,29.832867780352597,9.245040190466598,Arabic
1.175265927354316,23.021728866442675,27.294688127912362,30.265491900843113,9.0,Arabic
1.12519635532927,25.079872407968907,32.14031735997639,30.805843601498726,8.082762530298218,Arabic
1.2697707841879313,28.071337695236398,32.0,33.37663853655727,8.0,Arabic
1.2052738488817627,24.0,30.14962686336267,35.12833614050059,11.123105625617661,Arabic
1.1713991552733123,27.073972741361768,30.0,31.144823004794873,13.0,Arabic
1.2208956104883362,24.020824298928627,28.442925306655784,33.06055050963308,9.082762530298218,Arabic
1.1785714285714286,27.0,33.37663853655727,31.78049716414141,11.0,Arabic
1.258259963829921,32.01562118716424,34.36568055487916,36.05551275463989,8.0,Arabic
1.2606732157771752,22.0,28.0,25.0,11.0,Arabic
1.2049259263756158,26.076809620810597,30.265491900843113,32.01562118716424,10.0,Arabic
1.1451488749112724,26.0,29.068883707497267,31.25699921617557,7.0,Arabic
1.2392613305343172,29.154759474226502,35.35533905932738,43.382023926967726,13.161277261891334,Arabic
1.2219833236354918,26.019223662515376,42.190046219457976,26.019223662515376,7.0,Arabic
1.276214843767125,25.079872407968907,31.400636936215164,31.016124838541646,11.0,Arabic
1.1312332234350508,26.019223662515376,29.0,29.154759474226502,8.0,Arabic
1.3731482261818275,28.0178514522438,34.36568055487916,33.24154027718932,9.082762530298218,Austrilian
1.3731482261818275,28.0178514522438,34.36568055487916,33.24154027718932,9.082762530298218,Austrilian
1.2676531246537612,27.16615541441225,33.734255586866,29.017236257093817,11.071067811865476,Austrilian
1.2676531246537612,27.16615541441225,33.734255586866,29.017236257093817,11.071067811865476,Austrilian
1.3413828530578094,29.0,35.35533905932738,31.400636936215164,11.123105625617661,Austrilian
1.3413828530578094,29.0,35.35533905932738,31.400636936215164,11.123105625617661,Austrilian
1.2478600558836817,27.018512172212592,34.0147027033899,31.0,11.0,Austrilian
1.2478600558836817,27.018512172212592,34.0147027033899,31.0,11.0,Austrilian
1.2999672400988442,29.0,31.575306807693888,41.593268686170845,9.0,Austrilian
1.2999672400988442,29.0,31.575306807693888,41.593268686170845,9.0,Austrilian
1.2873225981075662,28.0,34.132096331752024,34.132096331752024,8.0,Austrilian
1.2873225981075662,28.0,34.132096331752024,34.132096331752024,8.0,Austrilian
1.2810220482397294,28.071337695236398,33.13608305156178,29.017236257093817,9.0,Austrilian
1.2810220482397294,28.071337695236398,33.13608305156178,29.017236257093817,9.0,Austrilian
1.4229562081433897,30.01666203960727,33.24154027718932,38.01315561749642,11.0,Austrilian
1.4229562081433897,30.01666203960727,33.24154027718932,38.01315561749642,11.0,Austrilian
1.1859538298291745,26.019223662515376,32.0624390837628,29.017236257093817,11.06225774829855,Austrilian
1.1859538298291745,26.019223662515376,32.0624390837628,29.017236257093817,11.06225774829855,Austrilian
1.2528244052755961,25.019992006393608,33.015148038438355,29.154759474226502,12.0,Austrilian
1.2528244052755961,25.019992006393608,33.015148038438355,29.154759474226502,12.0,Austrilian
1.292364846532017,27.0,33.37663853655727,34.132096331752024,10.0,Austrilian
1.292364846532017,27.0,33.37663853655727,34.132096331752024,10.0,Austrilian
1.3095651630205558,25.019992006393608,31.064449134018133,26.019223662515376,7.0,Austrilian
1.3095651630205558,25.019992006393608,31.064449134018133,26.019223662515376,7.0,Austrilian
1.3725100304856732,31.0,37.33630940518894,35.35533905932738,13.0,Austrilian
1.3725100304856732,31.0,37.33630940518894,35.35533905932738,13.0,Austrilian
1.3408123574079176,31.064449134018133,42.01190307520001,33.734255586866,9.099019513592784,Austrilian
1.3408123574079176,31.064449134018133,42.01190307520001,33.734255586866,9.099019513592784,Austrilian
1.3058449792685904,28.0,34.132096331752024,33.24154027718932,13.0,Austrilian
1.3058449792685904,28.0,34.132096331752024,33.24154027718932,13.0,Austrilian
1.2350083152764793,26.019223662515376,33.015148038438355,30.01666203960727,11.0,Austrilian
1.2350083152764793,26.019223662515376,33.015148038438355,30.01666203960727,11.0,Austrilian
1.3693308672956608,28.284271247461902,32.202484376209235,41.30375285612676,13.153830342163694,Austrilian
1.3693308672956608,28.284271247461902,32.202484376209235,41.30375285612676,13.153830342163694,Austrilian
1.2357590621970553,27.294688127912362,29.274562336608895,33.13608305156178,11.194173437483137,Austrilian
1.2357590621970553,27.294688127912362,29.274562336608895,33.13608305156178,11.194173437483137,Austrilian
1.2174948349528063,26.0,32.38826948140329,30.805843601498726,10.071067811865476,Austrilian
1.2174948349528063,26.0,32.38826948140329,30.805843601498726,10.071067811865476,Austrilian
1.1011114166746845,26.019223662515376,32.7566787083184,30.4138126514911,10.20586815591588,Austrilian
1.1011114166746845,26.019223662515376,32.7566787083184,30.4138126514911,10.20586815591588,Austrilian
1.3315915214810556,28.0,30.066592756745816,38.118237105091836,9.123105625617661,Austrilian
1.3315915214810556,28.0,30.066592756745816,38.118237105091836,9.123105625617661,Austrilian
1.3052815872897992,28.0178514522438,32.984845004941285,33.54101966249684,9.0,Austrilian
1.3052815872897992,28.0178514522438,32.984845004941285,33.54101966249684,9.0,Austrilian
1.309929432970874,30.265491900843113,28.861739379323623,38.05259518088089,11.071067811865476,Austrilian
1.309929432970874,30.265491900843113,28.861739379323623,38.05259518088089,11.071067811865476,Austrilian
1.4034076201039207,30.01666203960727,35.014282800023196,35.05709628591621,8.099019513592784,Austrilian
1.4034076201039207,30.01666203960727,35.014282800023196,35.05709628591621,8.099019513592784,Austrilian
1.3762061751421792,30.01666203960727,35.35533905932738,35.014282800023196,10.20586815591588,Austrilian
1.3762061751421792,30.01666203960727,35.35533905932738,35.014282800023196,10.20586815591588,Austrilian
1.2940815691704903,29.017236257093817,29.120439557122072,37.48332962798263,13.0,Austrilian
1.2940815691704903,29.017236257093817,29.120439557122072,37.48332962798263,13.0,Austrilian
1.30222053655969,28.0178514522438,35.12833614050059,31.016124838541646,12.06225774829855,Austrilian
1.30222053655969,28.0178514522438,35.12833614050059,31.016124838541646,12.06225774829855,Austrilian
1.3099860107712178,29.017236257093817,33.0,33.13608305156178,7.335087491092574,Austrilian
1.3099860107712178,29.017236257093817,33.0,33.13608305156178,7.335087491092574,Austrilian
1.4460933064540806,32.0624390837628,44.04543109109048,32.14031735997639,12.0,Austrilian
1.4460933064540806,32.0624390837628,44.04543109109048,32.14031735997639,12.0,Austrilian
1.4043046311138345,30.066592756745816,33.13608305156178,35.510561809129406,9.123105625617661,Austrilian
1.4043046311138345,30.066592756745816,33.13608305156178,35.510561809129406,9.123105625617661,Austrilian
1.357610911734965,29.0,33.06055050963308,34.058772731852805,9.0,Austrilian
1.357610911734965,29.0,33.06055050963308,34.058772731852805,9.0,Austrilian
1.2972513980727483,30.01666203960727,35.014282800023196,33.015148038438355,13.06225774829855,Austrilian
1.2972513980727483,30.01666203960727,35.014282800023196,33.015148038438355,13.06225774829855,Austrilian
1.3966290807837174,32.0,39.45883931389772,35.35533905932738,10.0,Austrilian
1.3966290807837174,32.0,39.45883931389772,35.35533905932738,10.0,Austrilian
1.3705927969860814,28.0,38.01315561749642,31.0,11.0,Austrilian
1.3705927969860814,28.0,38.01315561749642,31.0,11.0,Austrilian
1.4266134450235628,32.0,37.0,36.0,7.0,Austrilian
1.4266134450235628,32.0,37.0,36.0,7.0,Austrilian
1.356660336277255,29.154759474226502,39.01281840626232,35.35533905932738,10.233345472033855,Austrilian
1.356660336277255,29.154759474226502,39.01281840626232,35.35533905932738,10.233345472033855,Austrilian
1.349548286451028,31.400636936215164,32.984845004941285,43.18564576337837,13.345230764828106,Austrilian
1.349548286451028,31.400636936215164,32.984845004941285,43.18564576337837,13.345230764828106,Austrilian
1.2827540612312014,33.015148038438355,37.48332962798263,37.107950630558946,9.0,Austrilian
1.2827540612312014,33.015148038438355,37.48332962798263,37.107950630558946,9.0,Austrilian
1.2034503242455956,35.4400902933387,45.31004303683677,36.87817782917155,10.831309558117031,Austrilian
1.2034503242455956,35.4400902933387,45.31004303683677,36.87817782917155,10.831309558117031,Austrilian
1.482183746227811,34.0147027033899,39.01281840626232,36.22154055254967,9.0,Austrilian
1.482183746227811,34.0147027033899,39.01281840626232,36.22154055254967,9.0,Austrilian
1.2804050037913077,29.154759474226502,36.22154055254967,33.06055050963308,9.0,Austrilian
1.2804050037913077,29.154759474226502,36.22154055254967,33.06055050963308,9.0,Austrilian
1.298158166939259,29.274562336608895,42.1070065428546,33.24154027718932,6.708203932499369,Austrilian
1.298158166939259,29.274562336608895,42.1070065428546,33.24154027718932,6.708203932499369,Austrilian
1.483222676370637,37.0,44.01136216933077,43.01162633521314,11.0,Austrilian
1.483222676370637,37.0,44.01136216933077,43.01162633521314,11.0,Austrilian
1.2419023331129613,30.01666203960727,36.013886210738214,36.22154055254967,9.0,Austrilian
1.2419023331129613,30.01666203960727,36.013886210738214,36.22154055254967,9.0,Austrilian
1.4819382620816228,33.0,38.05259518088089,40.049968789001575,11.06225774829855,Austrilian
1.4819382620816228,33.0,38.05259518088089,40.049968789001575,11.06225774829855,Austrilian
1.4311405057636686,37.0,44.10215414239989,41.048751503547585,13.0,Austrilian
1.4311405057636686,37.0,44.10215414239989,41.048751503547585,13.0,Austrilian
1.3725976667929587,27.018512172212592,34.23448553724738,33.015148038438355,13.06225774829855,Balkan
1.3326732906258425,30.01666203960727,36.22154055254967,36.05551275463989,10.0,Balkan
1.4062250777308276,30.01666203960727,37.21558813185679,34.0147027033899,9.0,Balkan
1.1931047865268631,26.0,33.734255586866,31.575306807693888,8.099019513592784,Balkan
1.2968468483416946,26.0,31.144823004794873,30.14962686336267,8.0,Balkan
1.3564409779628572,30.066592756745816,36.05551275463989,32.38826948140329,13.099019513592784,Balkan
1.2772490567832975,29.068883707497267,34.52535300326414,34.132096331752024,9.0,Balkan
1.3677740355838888,35.014282800023196,47.16990566028302,34.92849839314596,12.0,Balkan
1.3901291698453953,31.016124838541646,36.05551275463989,37.013511046643494,12.18536337391621,Balkan
1.349000682506612,26.019223662515376,32.2490309931942,32.14031735997639,11.16227766016838,Balkan
1.2525529485370623,26.076809620810597,30.265491900843113,33.015148038438355,11.16227766016838,Balkan
1.4402647694893793,29.0,33.24154027718932,37.05401462729781,10.0,Balkan
1.2863877829539976,30.0,40.19950248448356,31.144823004794873,13.0,Balkan
1.2908199782371732,25.019992006393608,30.4138126514911,32.55764119219941,12.0,Balkan
1.4210987241296251,28.071337695236398,32.2490309931942,38.118237105091836,11.071067811865476,Balkan
1.3447878737419057,28.0178514522438,33.734255586866,36.345563690772494,11.082762530298218,Balkan
1.179477508233634,28.0,34.36568055487916,31.78049716414141,9.082762530298218,Balkan
1.2777412781467905,23.021728866442675,28.284271247461902,35.35533905932738,13.0,Balkan
1.3311897281604288,29.068883707497267,32.984845004941285,37.21558813185679,8.0,Balkan
1.2652897095383826,28.0,35.12833614050059,31.25699921617557,12.0,Balkan
1.357610911734965,28.0178514522438,35.510561809129406,34.20526275297414,8.123105625617661,Balkan
1.4039870457610637,31.144823004794873,33.52610922848042,43.104524124504614,11.194173437483137,Balkan
1.2735042328792916,27.018512172212592,33.37663853655727,32.2490309931942,15.0,Balkan
1.3862794386948256,30.01666203960727,36.124783736376884,34.36568055487916,10.0,Balkan
1.2092711078647334,29.068883707497267,32.28002478313795,34.36568055487916,11.071067811865476,Balkan
1.3611039971680783,29.017236257093817,33.24154027718932,34.36568055487916,13.0,Balkan
1.2859347253705502,27.0,33.24154027718932,33.24154027718932,10.082762530298218,Balkan
1.3659080999603086,29.0,32.7566787083184,34.713109915419565,11.0,Balkan
1.337344165584306,28.0178514522438,33.06055050963308,31.016124838541646,9.0,Balkan
1.3254270092150515,29.068883707497267,29.274562336608895,38.01315561749642,10.16227766016838,Balkan
1.396601249285189,28.071337695236398,33.734255586866,33.015148038438355,12.071067811865476,Balkan
1.317666690527811,30.0,34.23448553724738,35.22782990761707,11.071067811865476,Balkan
1.271747724077792,28.0,34.0147027033899,33.015148038438355,11.0,Balkan
1.1547414438662147,25.019992006393608,32.38826948140329,30.14962686336267,9.0,Balkan
1.1336132098792011,25.079872407968907,29.274562336608895,28.071337695236398,7.0,Balkan
1.3241281175318294,29.274562336608895,34.52535300326414,35.35533905932738,9.082762530298218,Balkan
1.176705858828234,25.019992006393608,31.064449134018133,27.073972741361768,10.0,Balkan
1.1476705966102814,26.1725046566048,36.0,26.92582403567252,11.194173437483137,Balkan
1.245792920191795,25.079872407968907,39.01281840626232,23.194827009486403,11.071067811865476,Balkan
1.2993223947504884,29.068883707497267,42.2965719651132,28.0178514522438,13.06225774829855,Balkan
1.133769276560419,25.019992006393608,31.016124838541646,25.317977802344327,9.082762530298218,Balkan
1.1555297668799336,23.194827009486403,34.0147027033899,18.973665961010276,11.181782043891005,Balkan
1.2023725545441044,29.017236257093817,30.4138126514911,31.0,8.082762530298218,Balkan
1.1901427112448768,26.019223662515376,27.16615541441225,29.068883707497267,6.23606797749979,Balkan
1.293813022513325,31.064449134018133,32.7566787083184,38.05259518088089,12.0,Balkan
1.2284345371326366,27.018512172212592,35.22782990761707,28.160255680657446,9.0,Balkan
1.1956233217421466,29.017236257093817,36.22154055254967,30.59411708155671,7.16227766016838,Balkan
1.2495888125578956,28.442925306655784,35.0,27.85677655436824,8.261297173761164,Balkan
1.1963275617873173,24.020824298928627,28.284271247461902,31.064449134018133,9.0,Balkan
1.1785480411649374,25.0,31.400636936215164,31.25699921617557,10.0,Balkan
1.2521820490145885,26.0,31.064449134018133,33.0,11.0,Balkan
1.0943838572973457,25.019992006393608,30.4138126514911,31.25699921617557,10.0,Balkan
1.2406246560139298,25.317977802344327,22.360679774997898,36.22154055254967,10.442387549448897,Balkan
1.2428967088290694,32.01562118716424,33.734255586866,34.48187929913333,7.28538328578604,Balkan
1.1274418696559174,16.0312195418814,16.492422502470642,15.811388300841896,4.0,Balkan
1.3412900334297664,28.0178514522438,35.05709628591621,33.015148038438355,13.0,European
1.2100050621401337,26.076809620810597,31.144823004794873,33.0,9.0,European
1.328792609166413,24.020824298928627,29.274562336608895,31.144823004794873,8.0,European
1.2684316768824873,28.0178514522438,35.90264614203248,32.55764119219941,12.0,European
1.3537775868460966,27.018512172212592,33.06055050963308,34.23448553724738,10.082762530298218,European
1.382928617014241,26.0,37.21558813185679,32.14031735997639,9.082762530298218,European
1.3977980734721134,30.0,32.38826948140329,38.3275357934736,10.0,European
1.3467352071547325,26.076809620810597,31.0,32.2490309931942,9.23606797749979,European
1.2529211151364306,26.019223662515376,33.24154027718932,31.400636936215164,9.0,European
1.3643789608526158,31.016124838541646,32.14031735997639,38.05259518088089,11.071067811865476,European
1.3643789608526158,31.016124838541646,32.14031735997639,38.05259518088089,11.071067811865476,European
1.3448569539653261,28.0178514522438,32.0,34.0,8.0,European
1.1817315332272575,25.019992006393608,31.78049716414141,31.400636936215164,12.0,European
1.2948833711655727,27.0,33.37663853655727,30.265491900843113,9.0,European
1.3619031580142114,30.01666203960727,35.22782990761707,34.52535300326414,10.0,European
1.2178797096783012,30.0,30.4138126514911,40.311288741492746,16.0,European
1.3168796322054062,29.0,27.459060435491963,40.19950248448356,9.0,European
1.320643857275206,29.017236257093817,31.78049716414141,38.3275357934736,12.071067811865476,European
1.3754044840609527,29.068883707497267,30.59411708155671,39.01281840626232,16.13263815141911,European
1.3911967854953282,33.0,30.14962686336267,48.093658625644196,13.0,European
1.2209302325581395,30.01666203960727,31.400636936215164,37.21558813185679,9.0,European
1.1938403327499898,29.068883707497267,32.14031735997639,33.734255586866,10.16227766016838,European
1.3340888700611047,29.017236257093817,35.05709628591621,34.23448553724738,11.071067811865476,European
1.2815576506309057,27.0,29.154759474226502,35.05709628591621,10.0,European
1.323422659492728,30.066592756745816,35.35533905932738,37.05401462729781,13.0,European
1.430561197573422,28.0,31.575306807693888,40.44749683231337,10.0,European
1.3080441959933642,26.019223662515376,36.05551275463989,28.0,9.16227766016838,European
1.1668648423196692,30.01666203960727,37.12142238654117,35.510561809129406,10.233345472033855,European
1.244718572338472,29.017236257093817,34.23448553724738,35.12833614050059,10.20586815591588,European
1.1113894886954057,24.0,28.160255680657446,27.294688127912362,9.0,European
1.3565552172649125,28.071337695236398,37.05401462729781,27.073972741361768,7.16227766016838,European
1.2082813528886382,26.076809620810597,31.25699921617557,31.064449134018133,8.0,European
1.202531456757782,28.071337695236398,32.14031735997639,29.427877939124322,9.0,European
1.0900966234783114,25.019992006393608,29.068883707497267,25.0,10.0,European
1.0959622002952112,26.019223662515376,31.064449134018133,28.284271247461902,7.0990195135927845,European
1.2736635488702726,28.0,28.160255680657446,33.13608305156178,7.0,European
1.217599637658007,27.018512172212592,34.36568055487916,28.0178514522438,9.082762530298218,European
1.1854423589291658,22.0,31.0,28.0178514522438,9.0,European
1.1580185579443842,25.019992006393608,30.066592756745816,31.016124838541646,10.0,European
1.1409930483129254,24.08318915758459,28.635642126552707,28.0178514522438,9.071067811865476,European
1.1399998595367438,22.02271554554524,28.0178514522438,26.1725046566048,7.0990195135927845,European
1.247205651229944,28.071337695236398,32.14031735997639,32.01562118716424,7.0990195135927845,European
1.2749616705475548,26.019223662515376,30.066592756745816,31.144823004794873,6.0,European
1.1865593966298802,27.0,33.13608305156178,27.16615541441225,10.0,European
1.1587820333055496,25.0,24.596747752497688,33.54101966249684,6.35917360311745,European
1.2498725147454628,26.019223662515376,31.25699921617557,35.05709628591621,9.16227766016838,European
1.2737748936948332,28.0,30.0,32.01562118716424,9.082762530298218,European
1.321055338093714,30.066592756745816,34.52535300326414,34.0147027033899,7.0,European
1.2166097035508707,28.0178514522438,33.015148038438355,35.014282800023196,11.0,European
1.3331369274023928,29.154759474226502,35.0,31.25699921617557,7.335087491092574,European
1.214444790855223,27.0,33.13608305156178,31.25699921617557,7.0,European
1.3452662368830242,25.019992006393608,33.0,32.0624390837628,9.082762530298218,Indian
1.1740449613091606,30.01666203960727,35.6931365951495,35.17101079013795,12.0,Indian
1.1703290564641318,27.16615541441225,32.28002478313795,34.0147027033899,11.194173437483137,Indian
1.184131214319423,26.0,33.24154027718932,32.0624390837628,10.0,Indian
1.200065102400699,24.0,31.144823004794873,31.25699921617557,13.0,Indian
1.2565368113844944,25.019992006393608,34.36568055487916,30.14962686336267,13.0,Indian
1.2560633611750027,26.0,35.05709628591621,33.06055050963308,14.0,Indian
1.3036930266938025,28.0,32.0624390837628,31.064449134018133,9.0,Indian
1.3388425283172731,29.068883707497267,36.87817782917155,37.013511046643494,13.055385138137417,Indian
1.3109037992878194,30.0,33.37663853655727,36.124783736376884,12.0,Indian
1.270718145613307,27.018512172212592,32.0,33.06055050963308,11.0,Indian
1.2798638164596294,27.018512172212592,35.0,30.0,12.06225774829855,Indian
1.2245470880836946,24.020824298928627,26.076809620810597,35.05709628591621,9.071067811865476,Indian
1.2473684582793287,25.0,31.25699921617557,31.25699921617557,12.0,Indian
1.4510683261285184,30.01666203960727,36.22154055254967,34.36568055487916,12.0,Indian
1.217592424335666,26.019223662515376,28.0,36.345563690772494,10.16227766016838,Indian
1.121192397531318,23.0,29.0,27.0,7.0,Indian
1.2230805276329886,25.019992006393608,32.2490309931942,30.066592756745816,11.0,Indian
1.2712774008876333,27.018512172212592,33.24154027718932,35.05709628591621,14.0,Indian
1.4142661109495136,30.0,36.22154055254967,37.21558813185679,14.0,Indian
1.2918639810285935,28.071337695236398,34.713109915419565,36.124783736376884,13.0,Indian
1.310308685282423,28.0,33.54101966249684,38.47076812334269,13.0,Indian
1.2207743726135032,25.019992006393608,39.05124837953327,27.459060435491963,11.071067811865476,Indian
1.3094960222848862,29.068883707497267,29.154759474226502,42.1070065428546,11.194173437483137,Indian
1.2124052845368238,28.0,33.06055050963308,33.015148038438355,14.0,Indian
1.330456069777564,31.016124838541646,39.319206502675,29.274562336608895,18.0,Indian
1.3173349690442286,29.0,33.54101966249684,32.7566787083184,11.0,Indian
1.3133604218070567,28.0178514522438,32.0624390837628,34.0147027033899,15.0,Indian
1.311730619984998,28.0178514522438,36.124783736376884,31.016124838541646,10.082762530298218,Indian
1.1520905308851337,29.427877939124322,44.04543109109048,25.942243542145693,10.442387549448897,Indian
1.3342782026021007,24.0,31.25699921617557,31.064449134018133,11.0,Indian
1.3951131702777941,27.018512172212592,30.14962686336267,37.05401462729781,7.0,Indian
1.3357958650181962,28.0178514522438,34.713109915419565,33.37663853655727,12.0,Indian
1.300587512760684,24.020824298928627,30.066592756745816,30.265491900843113,11.071067811865476,Indian
1.3293763121518094,28.0178514522438,34.058772731852805,35.0,15.138147668435636,Indian
1.166166104323616,28.0178514522438,32.38826948140329,34.23448553724738,11.0,Indian
1.2379693203705695,26.0,36.49657518178932,28.442925306655784,11.071067811865476,Indian
1.224681120780121,27.0,33.06055050963308,32.0624390837628,15.055385138137417,Indian
1.273254283553853,26.0,30.59411708155671,33.13608305156178,7.123105625617661,Indian
1.2211516964149507,27.018512172212592,31.25699921617557,33.06055050963308,9.0,Indian
1.2408181723225937,27.018512172212592,32.38826948140329,31.064449134018133,10.082762530298218,Indian
1.2223397344841442,30.066592756745816,33.13608305156178,34.0147027033899,11.0,Indian
1.276786067295949,25.019992006393608,34.058772731852805,31.25699921617557,14.0,Indian
1.3882038047048728,31.016124838541646,45.0111097397076,29.068883707497267,14.0,Indian
1.2119235288402914,26.019223662515376,32.55764119219941,31.25699921617557,11.071067811865476,Indian
1.2319465522871955,25.019992006393608,33.0,29.017236257093817,12.0,Indian
1.4668106749093213,33.015148038438355,34.0147027033899,45.0111097397076,12.18536337391621,Indian
1.2811509981758802,26.019223662515376,33.06055050963308,33.0,13.0,Indian
1.2456401082602773,23.021728866442675,37.013511046643494,23.194827009486403,12.06225774829855,Indian
1.2094441578738873,28.0178514522438,33.54101966249684,34.36568055487916,9.0,Indian
1.2871340679629653,25.179356624028344,29.154759474226502,32.14031735997639,8.099019513592784,Indian
1.350614224827965,27.16615541441225,33.37663853655727,35.05709628591621,10.0,Indian
1.1399916276798738,21.02379604162864,30.14962686336267,28.0178514522438,7.0,Indian
1.2715679675138545,26.019223662515376,32.0624390837628,29.017236257093817,8.0,Indian
1.2767946410233728,28.0,41.0,27.018512172212592,11.0,Indian
1.2370023625263038,27.018512172212592,28.160255680657446,31.016124838541646,10.123105625617661,Japanese
1.3355487611136627,28.0178514522438,32.2490309931942,34.0147027033899,10.20586815591588,Japanese
1.3823498432411787,27.0,33.015148038438355,34.0147027033899,12.0,Japanese
1.2613251998319341,28.0,31.064449134018133,28.160255680657446,10.0,Japanese
1.3290677254768462,29.0,33.015148038438355,33.13608305156178,13.0,Japanese
1.3512976011326034,31.016124838541646,35.014282800023196,36.22154055254967,12.071067811865476,Japanese
1.335627027604839,27.65863337187866,25.96150997149434,38.8329756778952,14.604709264427392,Japanese
1.3867504905630728,31.016124838541646,33.24154027718932,34.058772731852805,14.0,Japanese
1.2530050771600445,25.019992006393608,30.265491900843113,31.064449134018133,10.0,Japanese
1.3072640954821704,30.0,33.13608305156178,35.05709628591621,11.0,Japanese
1.333150675648443,33.015148038438355,36.22154055254967,37.12142238654117,11.0,Japanese
1.3370155644079191,29.0,34.132096331752024,33.06055050963308,14.0,Japanese
1.451455574171441,35.014282800023196,36.22154055254967,40.01249804748511,13.0,Japanese
1.3675132417174425,29.068883707497267,32.2490309931942,31.0,13.0,Japanese
1.337344165584306,31.016124838541646,34.058772731852805,33.06055050963308,13.161277261891334,Japanese
1.3444482078557574,29.0,31.144823004794873,30.14962686336267,13.0,Japanese
1.349268939525449,29.068883707497267,34.058772731852805,33.37663853655727,12.071067811865476,Japanese
1.276772932635982,31.016124838541646,37.12142238654117,30.59411708155671,14.0,Japanese
1.2923561058777586,30.01666203960727,31.144823004794873,34.0147027033899,15.0,Japanese
1.3646794413980468,29.017236257093817,34.36568055487916,35.014282800023196,9.082762530298218,Japanese
1.3130929021510187,28.0,32.14031735997639,29.427877939124322,15.0,Japanese
1.3648698921454774,29.017236257093817,34.0,33.37663853655727,13.0,Japanese
1.2940071906407549,30.066592756745816,43.04648650006177,31.016124838541646,16.0,Japanese
1.2872044541793684,27.073972741361768,29.017236257093817,32.01562118716424,13.0,Japanese
1.3614002865444068,29.068883707497267,33.13608305156178,31.575306807693888,10.0,Japanese
1.2531280949802015,27.0,31.016124838541646,30.0,13.0,Japanese
1.2746089709818724,28.0178514522438,33.37663853655727,30.066592756745816,14.0,Japanese
1.4007906813196511,32.0624390837628,33.734255586866,40.19950248448356,14.0,Japanese
1.4458151840731395,32.01562118716424,29.832867780352597,42.190046219457976,14.0,Japanese
1.4167152688435685,30.01666203960727,31.25699921617557,37.05401462729781,9.222125139210444,Japanese
1.30593534603658,33.015148038438355,36.22154055254967,34.23448553724738,13.099019513592784,Japanese
1.2992377742540244,28.160255680657446,30.265491900843113,32.14031735997639,12.17008732545826,Japanese
1.3124512444519594,26.019223662515376,28.160255680657446,31.144823004794873,13.06225774829855,Japanese
1.4051203090267,30.01666203960727,33.13608305156178,34.36568055487916,8.0,Japanese
1.2986155190390078,29.017236257093817,33.015148038438355,31.064449134018133,10.0,Japanese
1.3659698407900356,30.0,30.265491900843113,31.144823004794873,14.0,Japanese
1.3543109261884312,33.0,39.05124837953327,33.015148038438355,12.0,Japanese
1.4671729334476424,31.016124838541646,31.25699921617557,38.05259518088089,12.0,Japanese
1.3080740652590592,28.0178514522438,32.0624390837628,32.01562118716424,13.071067811865476,Japanese
1.3215075976099218,29.0,31.0,33.0,14.0,Japanese
1.3650677304306775,30.01666203960727,36.22154055254967,36.6742416417845,18.0,Japanese
1.2224106880780674,26.0,29.068883707497267,28.160255680657446,14.0,Japanese
1.3333333333333335,31.016124838541646,35.35533905932738,35.05709628591621,13.0,Japanese
1.3588626884569779,27.018512172212592,31.064449134018133,28.284271247461902,12.0,Japanese
1.2658859916978218,28.0178514522438,31.064449134018133,31.400636936215164,12.0,Japanese
1.4052199765546856,32.0624390837628,36.22154055254967,33.015148038438355,9.0,Japanese
1.3916460872351089,30.0,31.016124838541646,34.0147027033899,10.123105625617661,Japanese
1.3586180030892738,31.016124838541646,36.124783736376884,35.014282800023196,15.055385138137417,Japanese
1.326497114431311,29.0,33.06055050963308,32.01562118716424,12.0,Japanese
1.3,30.0,33.015148038438355,32.01562118716424,13.0,Japanese
1.2045298707329288,29.017236257093817,32.38826948140329,32.2490309931942,11.0,Japanese
1.3087751567211041,26.019223662515376,28.442925306655784,31.144823004794873,12.0,Japanese
1.2546160502110193,27.073972741361768,32.55764119219941,34.0147027033899,15.04987562112089,LatinAmerica
1.2856782970776905,28.0,32.38826948140329,32.38826948140329,10.0,LatinAmerica
1.328583279722152,28.071337695236398,33.37663853655727,35.12833614050059,10.082762530298218,LatinAmerica
1.18743656239604,25.317977802344327,29.120439557122072,34.0147027033899,12.071067811865476,LatinAmerica
1.3647565913499806,32.0,36.22154055254967,34.132096331752024,13.0,LatinAmerica
1.3645310344494381,31.0,36.22154055254967,37.05401462729781,11.0,LatinAmerica
1.2386085197524506,29.017236257093817,31.25699921617557,34.23448553724738,9.0,LatinAmerica
1.3279130678350155,28.071337695236398,31.25699921617557,37.013511046643494,14.0,LatinAmerica
1.2352646563001572,31.016124838541646,35.35533905932738,38.2099463490856,14.0,LatinAmerica
1.2857693991714865,30.01666203960727,35.510561809129406,32.2490309931942,9.0,LatinAmerica
1.3428653361300302,30.066592756745816,35.6931365951495,37.21558813185679,13.071067811865476,LatinAmerica
1.3704225653301993,33.015148038438355,33.54101966249684,46.09772228646444,15.0,LatinAmerica
1.367988985984861,28.0178514522438,33.015148038438355,35.0,10.0,LatinAmerica
1.2470786051081992,27.0,38.2099463490856,29.068883707497267,11.0,LatinAmerica
1.2443385304563939,31.016124838541646,36.345563690772494,34.132096331752024,15.0,LatinAmerica
1.4062250777308276,30.066592756745816,36.345563690772494,37.05401462729781,13.0,LatinAmerica
1.2632266941317625,29.154759474226502,34.132096331752024,34.0147027033899,13.06225774829855,LatinAmerica
1.2711232751091108,26.019223662515376,34.132096331752024,28.0178514522438,12.123105625617661,LatinAmerica
1.3329868908585878,30.0,40.44749683231337,33.734255586866,16.126452950002893,LatinAmerica
1.3135861949453502,28.0,36.22154055254967,32.38826948140329,13.055385138137417,LatinAmerica
1.3048380092882301,29.017236257093817,33.24154027718932,33.06055050963308,14.0,LatinAmerica
1.2156858273617939,29.068883707497267,34.36568055487916,35.014282800023196,13.071067811865476,LatinAmerica
1.3983090072657398,30.0,39.01281840626232,34.0147027033899,16.08276253029822,LatinAmerica
1.2713407562705246,27.018512172212592,29.017236257093817,33.0,14.0,LatinAmerica
1.352898703430417,29.017236257093817,34.713109915419565,37.33630940518894,13.0,LatinAmerica
1.4072932884685359,30.0,42.04759208325728,30.265491900843113,10.0,LatinAmerica
1.3270141255032673,29.274562336608895,29.832867780352597,35.014282800023196,11.194173437483137,LatinAmerica
1.2964943952878352,30.066592756745816,32.984845004941285,37.21558813185679,15.082762530298218,LatinAmerica
1.3920205316916474,29.0,36.22154055254967,34.36568055487916,9.0,LatinAmerica
1.3132129689760121,27.018512172212592,33.13608305156178,30.14962686336267,15.055385138137417,LatinAmerica
1.3051059750789564,26.0,32.55764119219941,33.54101966249684,13.0,LatinAmerica
1.2318571828581055,28.0178514522438,34.20526275297414,31.400636936215164,14.0,LatinAmerica
1.33685108763838,30.0,30.066592756745816,37.05401462729781,12.123105625617661,LatinAmerica
1.4162138654412626,33.015148038438355,39.01281840626232,37.12142238654117,11.06225774829855,LatinAmerica
1.3293718250403768,30.0,34.132096331752024,34.132096331752024,13.0,LatinAmerica
1.2138885592622202,29.017236257093817,30.805843601498726,36.6742416417845,12.0,LatinAmerica
1.2664194984824209,30.01666203960727,41.593268686170845,33.37663853655727,15.0,LatinAmerica
1.27769408488235,27.073972741361768,32.2490309931942,31.0,12.18536337391621,LatinAmerica
1.3015887052167407,29.154759474226502,34.132096331752024,34.20526275297414,7.16227766016838,LatinAmerica
1.317282463614883,29.017236257093817,39.05124837953327,30.265491900843113,15.0,LatinAmerica
1.2878730719109672,27.0,34.23448553724738,32.14031735997639,11.071067811865476,LatinAmerica
1.3027845970927112,27.073972741361768,36.49657518178932,34.058772731852805,11.224535408466929,LatinAmerica
1.3605718922581689,31.0,36.49657518178932,36.49657518178932,14.0,LatinAmerica
1.4267083818260171,30.0,33.06055050963308,36.22154055254967,9.0,LatinAmerica
1.2798286352776396,27.018512172212592,33.24154027718932,33.06055050963308,10.0,LatinAmerica
1.434527396900811,30.0,34.132096331752024,35.05709628591621,13.06225774829855,LatinAmerica
1.312861105055917,29.068883707497267,32.0624390837628,31.400636936215164,11.071067811865476,LatinAmerica
1.3492830802714524,27.0,32.01562118716424,32.01562118716424,13.0,LatinAmerica
1.2545115561318794,28.0178514522438,32.55764119219941,35.12833614050059,11.0,LatinAmerica
1.2671525857905495,29.017236257093817,31.144823004794873,37.21558813185679,12.0,MiddleEast
1.2671525857905495,29.017236257093817,31.144823004794873,37.21558813185679,12.0,MiddleEast
1.3647565913499806,30.01666203960727,36.124783736376884,35.014282800023196,8.0,MiddleEast
1.3647565913499806,30.01666203960727,36.124783736376884,35.014282800023196,8.0,MiddleEast
1.5273989794629839,33.0,38.2099463490856,40.11234224026316,14.06225774829855,MiddleEast
1.5273989794629839,33.0,38.2099463490856,40.11234224026316,14.06225774829855,MiddleEast
1.294167174555935,28.0,33.06055050963308,31.144823004794873,11.071067811865476,MiddleEast
1.294167174555935,28.0,33.06055050963308,31.144823004794873,11.071067811865476,MiddleEast
1.314041616579017,29.0,34.23448553724738,34.52535300326414,10.0,MiddleEast
1.314041616579017,29.0,34.23448553724738,34.52535300326414,10.0,MiddleEast
1.2340513657465386,29.017236257093817,33.37663853655727,34.058772731852805,12.0,MiddleEast
1.2340513657465386,29.017236257093817,33.37663853655727,34.058772731852805,12.0,MiddleEast
1.2765358627293548,28.0178514522438,34.132096331752024,31.575306807693888,10.0,MiddleEast
1.2765358627293548,28.0178514522438,34.132096331752024,31.575306807693888,10.0,MiddleEast
1.3321242595372722,29.017236257093817,35.22782990761707,36.345563690772494,15.0,MiddleEast
1.3321242595372722,29.017236257093817,35.22782990761707,36.345563690772494,15.0,MiddleEast
1.348818474133845,28.0178514522438,35.35533905932738,34.058772731852805,10.0,MiddleEast
1.348818474133845,28.0178514522438,35.35533905932738,34.058772731852805,10.0,MiddleEast
1.3032703148286289,30.01666203960727,36.6742416417845,33.24154027718932,12.0,MiddleEast
1.3032703148286289,30.01666203960727,36.6742416417845,33.24154027718932,12.0,MiddleEast
1.369340987494842,28.071337695236398,33.015148038438355,29.832867780352597,7.123105625617661,MiddleEast
1.369340987494842,28.071337695236398,33.015148038438355,29.832867780352597,7.123105625617661,MiddleEast
1.2457357176579873,28.0178514522438,34.23448553724738,34.132096331752024,12.0,MiddleEast
1.2457357176579873,28.0178514522438,34.23448553724738,34.132096331752024,12.0,MiddleEast
1.53633162665898,31.0,39.0,37.05401462729781,14.0,MiddleEast
1.53633162665898,31.0,39.0,37.05401462729781,14.0,MiddleEast
1.4784566804517334,36.05551275463989,41.773197148410844,40.19950248448356,10.123105625617661,MiddleEast
1.4784566804517334,36.05551275463989,41.773197148410844,40.19950248448356,10.123105625617661,MiddleEast
1.317765934393003,29.017236257093817,36.49657518178932,34.36568055487916,12.099019513592784,MiddleEast
1.317765934393003,29.017236257093817,36.49657518178932,34.36568055487916,12.099019513592784,MiddleEast
1.2467861778737295,27.16615541441225,27.892651361962706,43.01162633521314,14.06225774829855,MiddleEast
1.2467861778737295,27.16615541441225,27.892651361962706,43.01162633521314,14.06225774829855,MiddleEast
1.3415481413465333,31.0,35.35533905932738,35.22782990761707,13.0,MiddleEast
1.3415481413465333,31.0,35.35533905932738,35.22782990761707,13.0,MiddleEast
1.3898305699183866,27.0,33.37663853655727,32.38826948140329,9.0,MiddleEast
1.3898305699183866,27.0,33.37663853655727,32.38826948140329,9.0,MiddleEast
1.469009607867553,34.058772731852805,41.30375285612676,41.012193308819754,9.0,MiddleEast
1.469009607867553,34.058772731852805,41.30375285612676,41.012193308819754,9.0,MiddleEast
1.3687400991277152,30.01666203960727,38.8329756778952,35.35533905932738,13.0,MiddleEast
1.3687400991277152,30.01666203960727,38.8329756778952,35.35533905932738,13.0,MiddleEast
1.2209030670123453,27.0,34.52535300326414,33.24154027718932,11.0,MiddleEast
1.2209030670123453,27.0,34.52535300326414,33.24154027718932,11.0,MiddleEast
1.3750674644358833,29.0,41.10960958218893,31.144823004794873,13.099019513592784,MiddleEast
1.3750674644358833,29.0,41.10960958218893,31.144823004794873,13.099019513592784,MiddleEast
1.3808545347496186,26.019223662515376,31.575306807693888,33.54101966249684,12.0,MiddleEast
1.3808545347496186,26.019223662515376,31.575306807693888,33.54101966249684,12.0,MiddleEast
1.390593962442463,34.058772731852805,37.12142238654117,44.04543109109048,7.0,MiddleEast
1.390593962442463,34.058772731852805,37.12142238654117,44.04543109109048,7.0,MiddleEast
1.398299082823164,31.016124838541646,34.713109915419565,35.22782990761707,10.20586815591588,MiddleEast
1.398299082823164,31.016124838541646,34.713109915419565,35.22782990761707,10.20586815591588,MiddleEast
1.3777375370144542,29.017236257093817,40.049968789001575,36.05551275463989,9.23606797749979,MiddleEast
1.3777375370144542,29.017236257093817,40.049968789001575,36.05551275463989,9.23606797749979,MiddleEast
1.3837760929552791,32.01562118716424,38.05259518088089,35.35533905932738,10.0,MiddleEast
1.3837760929552791,32.01562118716424,38.05259518088089,35.35533905932738,10.0,MiddleEast
1.4171504805206696,33.06055050963308,37.05401462729781,42.42640687119285,12.06225774829855,MiddleEast
1.4171504805206696,33.06055050963308,37.05401462729781,42.42640687119285,12.06225774829855,MiddleEast
1.4161277379835973,32.01562118716424,39.20459156782532,41.012193308819754,14.0,MiddleEast
1.4161277379835973,32.01562118716424,39.20459156782532,41.012193308819754,14.0,MiddleEast
1.2871585039792193,26.0,32.0,30.0,10.0,MiddleEast
1.2871585039792193,26.0,32.0,30.0,10.0,MiddleEast
1.3606638694015736,33.015148038438355,39.20459156782532,37.013511046643494,11.0,MiddleEast
1.3606638694015736,33.015148038438355,39.20459156782532,37.013511046643494,11.0,MiddleEast
1.399178241388497,32.0,36.22154055254967,35.12833614050059,14.0,MiddleEast
1.399178241388497,32.0,36.22154055254967,35.12833614050059,14.0,MiddleEast
1.3122005821805405,28.0178514522438,35.90264614203248,34.48187929913333,11.099019513592784,MiddleEast
1.3122005821805405,28.0178514522438,35.90264614203248,34.48187929913333,11.099019513592784,MiddleEast
1.4306579061216194,31.016124838541646,38.01315561749642,39.01281840626232,10.071067811865476,MiddleEast
1.4306579061216194,31.016124838541646,38.01315561749642,39.01281840626232,10.071067811865476,MiddleEast
1.3403934818567407,28.0,36.6742416417845,34.52535300326414,11.0,MiddleEast
1.3403934818567407,28.0,36.6742416417845,34.52535300326414,11.0,MiddleEast
1.4926510581272991,35.014282800023196,41.30375285612676,39.05124837953327,13.06225774829855,MiddleEast
1.4926510581272991,35.014282800023196,41.30375285612676,39.05124837953327,13.06225774829855,MiddleEast
1.4938581950371674,33.0,38.118237105091836,37.12142238654117,14.099019513592784,MiddleEast
1.4938581950371674,33.0,38.118237105091836,37.12142238654117,14.099019513592784,MiddleEast
1.4304036211394051,29.068883707497267,35.12833614050059,36.05551275463989,10.082762530298218,MiddleEast
1.4304036211394051,29.068883707497267,35.12833614050059,36.05551275463989,10.082762530298218,MiddleEast
1.3574793081542267,30.01666203960727,35.0,36.124783736376884,12.0,MiddleEast
1.3574793081542267,30.01666203960727,35.0,36.124783736376884,12.0,MiddleEast
1.3094310243315348,28.0,35.05709628591621,32.14031735997639,10.0,MiddleEast
1.3094310243315348,28.0,35.05709628591621,32.14031735997639,10.0,MiddleEast
1.4587169293846938,36.22154055254967,39.81205847478876,42.01190307520001,13.161277261891334,MiddleEast
1.4587169293846938,36.22154055254967,39.81205847478876,42.01190307520001,13.161277261891334,MiddleEast
1.5585301657086785,37.0,39.01281840626232,40.0,10.082762530298218,MiddleEast
1.5585301657086785,37.0,39.01281840626232,40.0,10.082762530298218,MiddleEast
1.4759534754557941,35.0,36.05551275463989,41.048751503547585,14.0,MiddleEast
1.4759534754557941,35.0,36.05551275463989,41.048751503547585,14.0,MiddleEast
1.416465297025329,26.019223662515376,35.05709628591621,32.01562118716424,12.123105625617661,MiddleEast
1.416465297025329,26.019223662515376,35.05709628591621,32.01562118716424,12.123105625617661,MiddleEast
1.3905430444636455,26.076809620810597,32.55764119219941,34.0147027033899,11.082762530298218,Scandivian
1.2714145057221995,31.0,34.23448553724738,36.124783736376884,11.071067811865476,Scandivian
1.2782538761558062,28.0178514522438,29.614185789921695,40.01249804748511,13.161277261891334,Scandivian
1.4569812388442855,31.064449134018133,38.01315561749642,31.575306807693888,13.161277261891334,Scandivian
1.3562947679220554,31.016124838541646,37.12142238654117,35.35533905932738,12.082762530298218,Scandivian
1.4284702083616745,27.0,30.14962686336267,35.05709628591621,9.0,Scandivian
1.3807663019991994,32.01562118716424,32.2490309931942,44.0,14.055385138137417,Scandivian
1.3810200921222546,31.016124838541646,40.11234224026316,32.0,14.0,Scandivian
1.3760662038583613,29.0,30.4138126514911,36.345563690772494,11.0,Scandivian
1.3617737568225836,30.01666203960727,31.400636936215164,41.10960958218893,11.0,Scandivian
1.3526179510938217,27.0,29.274562336608895,40.19950248448356,11.0,Scandivian
1.3659373265358048,26.019223662515376,31.25699921617557,31.064449134018133,9.0,Scandivian
1.3626228877417925,26.019223662515376,31.144823004794873,32.01562118716424,8.0,Scandivian
1.32949203755788,27.0,35.22782990761707,29.068883707497267,10.0,Scandivian
1.3241830918760709,30.01666203960727,37.013511046643494,32.14031735997639,13.0,Scandivian
1.3966783276138877,28.0178514522438,39.11521443121589,29.427877939124322,13.161277261891334,Scandivian
1.3167003030695221,29.017236257093817,32.14031735997639,30.01666203960727,7.23606797749979,Scandivian
1.3012605967518658,27.0,33.24154027718932,32.2490309931942,13.0,Scandivian
1.341585368552908,28.0,33.37663853655727,32.38826948140329,9.099019513592784,Scandivian
1.362202506189897,28.071337695236398,33.734255586866,34.058772731852805,12.071067811865476,Scandivian
1.3796943691945167,32.0,35.014282800023196,35.014282800023196,10.0,Scandivian
1.3364356624509945,29.068883707497267,33.24154027718932,34.0,9.245040190466598,Scandivian
1.3544895290527024,28.0178514522438,34.058772731852805,36.05551275463989,8.0,Scandivian
1.3560760700242105,29.017236257093817,33.37663853655727,34.713109915419565,14.0,Scandivian
1.316249030567854,29.0,34.0147027033899,33.015148038438355,14.0,Scandivian
1.3369647079589018,30.01666203960727,32.55764119219941,35.22782990761707,10.071067811865476,Scandivian
1.3874479150293288,27.0,31.400636936215164,31.400636936215164,9.0,Scandivian
1.2864314486539012,29.017236257093817,30.265491900843113,37.013511046643494,10.20586815591588,Scandivian
1.3497920514212998,33.06055050963308,46.32493928760188,33.734255586866,10.0,Scandivian
1.3253559682004215,27.0,32.0,33.015148038438355,8.0,Scandivian
1.4004100774714083,31.064449134018133,34.058772731852805,34.0147027033899,9.0,Scandivian
1.3328860521721768,30.01666203960727,35.05709628591621,35.22782990761707,9.0,Scandivian
1.26628908109414,27.073972741361768,32.2490309931942,31.064449134018133,12.0,Scandivian
1.4357965310288345,27.073972741361768,38.8329756778952,32.2490309931942,12.071067811865476,Scandivian
1.2753034353532557,28.160255680657446,33.52610922848042,34.132096331752024,13.06225774829855,Scandivian
1.364312715035291,29.0,36.345563690772494,33.24154027718932,10.082762530298218,Scandivian
1.385977734725488,27.018512172212592,34.058772731852805,35.22782990761707,12.0,Scandivian
1.250062498437578,29.0,31.064449134018133,29.068883707497267,10.0,Scandivian
1.2379733049152228,31.016124838541646,35.22782990761707,32.01562118716424,13.06225774829855,Scandivian
1.4231841189323475,31.016124838541646,39.01281840626232,36.013886210738214,11.0,Scandivian
1.4231841189323475,31.016124838541646,39.01281840626232,36.013886210738214,11.0,Scandivian
1.3494513758644013,30.01666203960727,36.05551275463989,32.14031735997639,14.0,Scandivian
1.373306693789385,27.018512172212592,32.14031735997639,34.058772731852805,12.0,Scandivian
1.2151322527826252,25.019992006393608,31.400636936215164,32.0624390837628,11.0,Scandivian
1.3999464359159741,29.017236257093817,34.36568055487916,33.24154027718932,10.0,Scandivian
1.2951699318226035,31.0,35.12833614050059,35.12833614050059,10.0,Scandivian
1.3128539543314357,28.284271247461902,29.120439557122072,41.012193308819754,11.181782043891005,Scandivian
1.3611039971680783,29.0,33.13608305156178,37.12142238654117,9.099019513592784,Scandivian
1.4237639441685925,34.0147027033899,49.040799340956916,35.05709628591621,14.099019513592784,Scandivian
1.3451954507146886,29.0,35.22782990761707,30.4138126514911,11.0,Scandivian
1.3717713937667444,29.0,37.013511046643494,31.0,10.0,Scandivian
1.3381203375391353,30.0,35.05709628591621,36.05551275463989,7.0,Scandivian
